day,number_of_trips
2014-01-01,6059
2014-01-02,8600
2014-01-03,1144
2014-01-04,2292
2014-01-05,2678
2014-01-06,9510
2014-01-07,6267
2014-01-08,9246
2014-01-09,13354
2014-01-10,9847
2014-01-11,7695
2014-01-12,12515
2014-01-13,20633
2014-01-14,9999
2014-01-15,21630
2014-01-16,19953
2014-01-17,20301
2014-01-18,9438
2014-01-19,9028
2014-01-20,13407
2014-01-21,3804
2014-01-22,2451
2014-01-23,5071
2014-01-24,6176
2014-01-25,4338
2014-01-26,4980
2014-01-27,13119
2014-01-28,10033
2014-01-29,10021
2014-01-30,12158
2014-01-31,14653
2014-02-01,12771
2014-02-02,13816
2014-02-03,2600
2014-02-04,8709
2014-02-05,2746
2014-02-06,7196
2014-02-07,8495
2014-02-08,5986
2014-02-09,4996
2014-02-10,6846
2014-02-11,8343
2014-02-12,8580
2014-02-13,876
2014-02-14,3609
2014-02-15,2261
2014-02-16,3003
2014-02-17,4854
2014-02-18,5140
2014-02-19,8506
2014-02-20,11792
2014-02-21,8680
2014-02-22,13044
2014-02-23,13324
2014-02-24,12922
2014-02-25,12830
2014-02-26,11188
2014-02-27,12036
2014-02-28,9587
2014-03-01,9202
2014-03-02,8195
2014-03-03,7708
2014-03-04,10398
2014-03-05,13801
2014-03-06,12773
2014-03-07,13304
2014-03-08,16350
2014-03-09,12262
2014-03-10,17231
2014-03-11,24356
2014-03-12,15101
2014-03-13,10979
2014-03-14,16299
2014-03-15,18053
2014-03-16,9851
2014-03-17,12503
2014-03-18,16679
2014-03-19,13341
2014-03-20,19695
2014-03-21,20718
2014-03-22,19880
2014-03-23,11740
2014-03-24,13598
2014-03-25,16037
2014-03-26,14500
2014-03-27,16666
2014-03-28,18425
2014-03-29,4480
2014-03-30,7907
2014-03-31,17085
2014-04-01,23908
2014-04-02,22515
2014-04-03,26321
2014-04-04,12566
2014-04-05,18655
2014-04-06,20750
2014-04-07,14677
2014-04-08,21884
2014-04-09,26931
2014-04-10,27463
2014-04-11,26798
2014-04-12,27108
2014-04-13,26871
2014-04-14,28832
2014-04-15,10523
2014-04-16,20082
2014-04-17,22282
2014-04-18,20770
2014-04-19,24369
2014-04-20,18464
2014-04-21,27124
2014-04-22,27259
2014-04-23,26949
2014-04-24,28107
2014-04-25,27919
2014-04-26,19899
2014-04-27,21926
2014-04-28,28557
2014-04-29,18404
2014-04-30,2867
2014-05-01,26762
2014-05-02,32377
2014-05-03,25501
2014-05-04,21277
2014-05-05,30288
2014-05-06,32233
2014-05-07,32882
2014-05-08,17619
2014-05-09,22641
2014-05-10,21832
2014-05-11,28326
2014-05-12,31644
2014-05-13,32847
2014-05-14,30044
2014-05-15,26057
2014-05-16,17784
2014-05-17,29912
2014-05-18,27436
2014-05-19,31692
2014-05-20,35567
2014-05-21,34420
2014-05-22,24535
2014-05-23,24484
2014-05-24,16798
2014-05-25,25637
2014-05-26,26930
2014-05-27,32936
2014-05-28,29690
2014-05-29,33889
2014-05-30,34343
2014-05-31,27734
2014-06-01,31333
2014-06-02,34519
2014-06-03,29501
2014-06-04,36068
2014-06-05,24619
2014-06-06,37719
2014-06-07,31204
2014-06-08,30162
2014-06-09,18611
2014-06-10,33435
2014-06-11,30548
2014-06-12,29084
2014-06-13,18308
2014-06-14,28417
2014-06-15,28382
2014-06-16,34932
2014-06-17,35097
2014-06-18,35531
2014-06-19,31724
2014-06-20,34405
2014-06-21,30288
2014-06-22,29417
2014-06-23,32580
2014-06-24,35897
2014-06-25,34340
2014-06-26,34846
2014-06-27,35823
2014-06-28,28507
2014-06-29,27986
2014-06-30,33597
2014-07-01,34854
2014-07-02,26582
2014-07-03,27587
2014-07-04,13612
2014-07-05,22913
2014-07-06,23822
2014-07-07,31863
2014-07-08,32713
2014-07-09,34426
2014-07-10,36288
2014-07-11,35000
2014-07-12,28718
2014-07-13,24869
2014-07-14,25825
2014-07-15,22963
2014-07-16,35391
2014-07-17,38619
2014-07-18,36105
2014-07-19,29291
2014-07-20,30296
2014-07-21,35670
2014-07-22,36886
2014-07-23,34173
2014-07-24,36693
2014-07-25,36384
2014-07-26,27179
2014-07-27,27004
2014-07-28,33189
2014-07-29,37092
2014-07-30,37377
2014-07-31,35458
2014-08-01,32654
2014-08-02,26784
2014-08-03,25276
2014-08-04,33822
2014-08-05,34392
2014-08-06,36336
2014-08-07,36362
2014-08-08,34073
2014-08-09,31636
2014-08-10,26749
2014-08-11,33664
2014-08-12,26261
2014-08-13,27977
2014-08-14,35154
2014-08-15,32480
2014-08-16,32017
2014-08-17,27417
2014-08-18,34339
2014-08-19,35367
2014-08-20,35532
2014-08-21,33804
2014-08-22,30406
2014-08-23,26429
2014-08-24,27493
2014-08-25,32892
2014-08-26,34519
2014-08-27,33721
2014-08-28,33927
2014-08-29,31264
2014-08-30,22689
2014-08-31,18053
2014-09-01,23575
2014-09-02,30507
2014-09-03,35535
2014-09-04,36496
2014-09-05,34831
2014-09-06,25833
2014-09-07,29721
2014-09-08,34335
2014-09-09,34518
2014-09-10,37653
2014-09-11,37081
2014-09-12,37204
2014-09-13,17293
2014-09-14,28688
2014-09-15,35045
2014-09-16,25633
2014-09-17,37453
2014-09-18,37381
2014-09-19,34713
2014-09-20,30011
2014-09-21,26080
2014-09-22,33239
2014-09-23,36347
2014-09-24,35481
2014-09-25,16650
2014-09-26,35116
2014-09-27,30193
2014-09-28,29021
2014-09-29,33161
2014-09-30,35093
2014-10-01,27942
2014-10-02,34492
2014-10-03,34944
2014-10-04,13354
2014-10-05,23456
2014-10-06,31742
2014-10-07,32892
2014-10-08,33607
2014-10-09,32203
2014-10-10,30887
2014-10-11,12965
2014-10-12,23394
2014-10-13,22752
2014-10-14,32614
2014-10-15,28743
2014-10-16,26754
2014-10-17,34132
2014-10-18,24978
2014-10-19,18840
2014-10-20,27914
2014-10-21,31330
2014-10-22,9169
2014-10-23,13371
2014-10-24,29837
2014-10-25,24952
2014-10-26,20768
2014-10-27,28806
2014-10-28,32956
2014-10-29,29999
2014-10-30,31133
2014-10-31,27785
2014-11-01,6002
2014-11-02,14100
2014-11-03,26757
2014-11-04,31174
2014-11-05,30539
2014-11-06,12283
2014-11-07,25355
2014-11-08,17443
2014-11-09,18207
2014-11-10,27655
2014-11-11,29358
2014-11-12,27807
2014-11-13,20652
2014-11-14,21082
2014-11-15,14057
2014-11-16,13272
2014-11-17,8116
2014-11-18,16691
2014-11-19,16694
2014-11-20,20611
2014-11-21,17806
2014-11-22,12682
2014-11-23,15669
2014-11-24,23031
2014-11-25,25580
2014-11-26,3675
2014-11-27,3945
2014-11-28,8378
2014-11-29,8183
2014-11-30,12384
2014-12-01,18519
2014-12-02,15367
2014-12-03,13472
2014-12-04,21335
2014-12-05,15818
2014-12-06,4047
2014-12-07,10510
2014-12-08,15557
2014-12-09,6713
2014-12-10,10399
2014-12-11,18141
2014-12-12,17892
2014-12-13,12549
2014-12-14,11941
2014-12-15,19382
2014-12-16,16816
2014-12-17,20346
2014-12-18,19051
2014-12-19,17200
2014-12-20,9582
2014-12-21,8747
2014-12-22,13560
2014-12-23,9422
2014-12-24,4285
2014-12-25,4890
2014-12-26,9895
2014-12-27,10247
2014-12-28,7902
2014-12-29,13549
2014-12-30,12196
2014-12-31,9739
2015-01-01,5317
2015-01-02,11304
2015-01-03,4478
2015-01-04,7849
2015-01-05,14506
2015-01-06,8739
2015-01-07,9646
2015-01-08,8779
2015-01-09,7930
2015-01-10,6109
2015-01-11,7467
2015-01-12,8645
2015-01-13,12797
2015-01-14,13086
2015-01-15,14075
2015-01-16,13843
2015-01-17,7491
2015-01-18,1795
2015-01-19,10710
2015-01-20,16129
2015-01-21,15234
2015-01-22,15864
2015-01-23,15737
2015-01-24,4814
2015-01-25,9379
2015-01-26,4141
2015-01-27,1214
2015-01-28,5401
2015-01-29,8870
2015-01-30,9015
2015-01-31,5188
2015-02-01,6441
2015-02-02,1459
2015-02-03,4754
2015-02-04,8973
2015-02-05,9208
2015-02-06,8575
2015-02-07,6790
2015-02-08,6662
2015-02-09,5160
2015-02-10,10328
2015-02-11,11439
2015-02-12,11269
2015-02-13,7642
2015-02-14,4614
2015-02-15,2581
2015-02-16,3998
2015-02-17,4784
2015-02-18,9170
2015-02-19,7799
2015-02-20,6159
2015-02-21,3157
2015-02-22,4274
2015-02-23,7458
2015-02-24,7402
2015-02-25,10751
2015-02-26,9901
2015-02-27,9864
2015-02-28,6318
2015-03-01,2879
2015-03-02,7283
2015-03-03,6533
2015-03-04,7514
2015-03-05,1637
2015-03-06,5162
2015-03-07,5590
2015-03-08,7898
2015-03-09,14878
2015-03-10,11781
2015-03-11,19561
2015-03-12,17530
2015-03-13,16145
2015-03-14,3906
2015-03-15,8838
2015-03-16,16787
2015-03-17,14857
2015-03-18,13842
2015-03-19,15446
2015-03-20,8052
2015-03-21,9338
2015-03-22,9676
2015-03-23,13538
2015-03-24,16166
2015-03-25,14670
2015-03-26,14954
2015-03-27,14107
2015-03-28,1107
2015-03-29,9826
2015-03-30,18075
2015-03-31,14250
2015-04-01,20146
2015-04-02,24227
2015-04-03,14774
2015-04-04,14355
2015-04-05,13799
2015-04-06,23391
2015-04-07,16262
2015-04-08,17872
2015-04-09,16546
2015-04-10,16317
2015-04-11,18643
2015-04-12,19954
2015-04-13,24925
2015-04-14,22703
2015-04-15,27594
2015-04-16,27180
2015-04-17,24175
2015-04-18,28174
2015-04-19,21475
2015-04-20,11202
2015-04-21,24868
2015-04-22,21997
2015-04-23,22074
2015-04-24,20981
2015-04-25,21082
2015-04-26,21594
2015-04-27,25501
2015-04-28,29795
2015-04-29,31532
2015-04-30,29252
2015-05-01,27924
2015-05-02,25743
2015-05-03,27694
2015-05-04,32066
2015-05-05,33012
2015-05-06,30313
2015-05-07,34871
2015-05-08,34304
2015-05-09,24329
2015-05-10,26573
2015-05-11,32382
2015-05-12,35225
2015-05-13,33402
2015-05-14,40826
2015-05-15,34945
2015-05-16,23882
2015-05-17,30969
2015-05-18,31559
2015-05-19,33895
2015-05-20,33823
2015-05-21,31214
2015-05-22,31891
2015-05-23,23910
2015-05-24,25151
2015-05-25,28164
2015-05-26,35786
2015-05-27,33710
2015-05-28,35934
2015-05-29,37756
2015-05-30,31147
2015-05-31,19586
2015-06-01,15283
2015-06-02,11984
2015-06-03,34590
2015-06-04,32772
2015-06-05,31294
2015-06-06,26334
2015-06-07,30773
2015-06-08,33585
2015-06-09,35412
2015-06-10,39350
2015-06-11,37400
2015-06-12,35136
2015-06-13,29980
2015-06-14,28184
2015-06-15,25087
2015-06-16,32147
2015-06-17,38030
2015-06-18,35464
2015-06-19,37380
2015-06-20,23580
2015-06-21,25926
2015-06-22,37677
2015-06-23,32294
2015-06-24,41070
2015-06-25,39673
2015-06-26,38614
2015-06-27,15485
2015-06-28,20591
2015-06-29,38037
2015-06-30,38087
2015-07-01,37539
2015-07-02,35559
2015-07-03,26928
2015-07-04,21706
2015-07-05,25920
2015-07-06,35251
2015-07-07,36837
2015-07-08,35047
2015-07-09,31978
2015-07-10,38559
2015-07-11,31719
2015-07-12,31037
2015-07-13,38485
2015-07-14,35802
2015-07-15,34979
2015-07-16,42356
2015-07-17,39595
2015-07-18,28870
2015-07-19,28531
2015-07-20,34889
2015-07-21,38499
2015-07-22,42557
2015-07-23,42175
2015-07-24,40330
2015-07-25,31639
2015-07-26,30543
2015-07-27,38747
2015-07-28,40434
2015-07-29,39428
2015-07-30,31166
2015-07-31,38571
2015-08-01,35179
2015-08-02,31622
2015-08-03,38888
2015-08-04,40783
2015-08-05,41075
2015-08-06,42283
2015-08-07,40999
2015-08-08,38723
2015-08-09,32716
2015-08-10,39870
2015-08-11,25066
2015-08-12,42994
2015-08-13,42170
2015-08-14,39983
2015-08-15,37821
2015-08-16,30344
2015-08-17,37449
2015-08-18,39916
2015-08-19,40726
2015-08-20,39280
2015-08-21,38038
2015-08-22,34277
2015-08-23,33071
2015-08-24,38943
2015-08-25,41655
2015-08-26,42832
2015-08-27,43173
2015-08-28,41755
2015-08-29,34381
2015-08-30,32913
2015-08-31,40119
2015-09-01,43291
2015-09-02,43225
2015-09-03,42879
2015-09-04,39956
2015-09-05,34005
2015-09-06,33199
2015-09-07,33682
2015-09-08,42766
2015-09-09,44005
2015-09-10,22253
2015-09-11,47613
2015-09-12,33661
2015-09-13,34794
2015-09-14,44668
2015-09-15,48729
2015-09-16,51179
2015-09-17,50705
2015-09-18,50285
2015-09-19,43011
2015-09-20,40462
2015-09-21,47180
2015-09-22,48685
2015-09-23,48366
2015-09-24,52706
2015-09-25,51368
2015-09-26,42560
2015-09-27,38285
2015-09-28,48011
2015-09-29,48725
2015-09-30,39445
2015-10-01,34719
2015-10-02,9444
2015-10-03,16564
2015-10-04,30214
2015-10-05,44581
2015-10-06,49719
2015-10-07,50141
2015-10-08,50179
2015-10-09,37283
2015-10-10,39345
2015-10-11,38967
2015-10-12,45584
2015-10-13,49047
2015-10-14,49998
2015-10-15,48783
2015-10-16,46484
2015-10-17,31809
2015-10-18,23978
2015-10-19,36570
2015-10-20,45376
2015-10-21,49121
2015-10-22,49604
2015-10-23,44679
2015-10-24,31713
2015-10-25,29289
2015-10-26,42165
2015-10-27,44553
2015-10-28,20736
2015-10-29,45358
2015-10-30,44518
2015-10-31,31756
2015-11-01,30622
2015-11-02,44534
2015-11-03,49326
2015-11-04,49487
2015-11-05,43006
2015-11-06,47162
2015-11-07,35586
2015-11-08,32317
2015-11-09,42262
2015-11-10,21585
2015-11-11,37705
2015-11-12,37319
2015-11-13,38970
2015-11-14,25299
2015-11-15,25990
2015-11-16,40916
2015-11-17,38939
2015-11-18,41485
2015-11-19,21890
2015-11-20,38205
2015-11-21,28038
2015-11-22,23343
2015-11-23,30136
2015-11-24,32218
2015-11-25,30295
2015-11-26,13291
2015-11-27,22824
2015-11-28,15830
2015-11-29,18452
2015-11-30,30213
2015-12-01,18399
2015-12-02,23782
2015-12-03,33917
2015-12-04,34737
2015-12-05,26358
2015-12-06,24943
2015-12-07,34139
2015-12-08,35614
2015-12-09,35306
2015-12-10,39099
2015-12-11,39060
2015-12-12,31957
2015-12-13,32001
2015-12-14,32518
2015-12-15,38661
2015-12-16,35643
2015-12-17,21961
2015-12-18,30704
2015-12-19,17778
2015-12-20,17030
2015-12-21,29800
2015-12-22,22941
2015-12-23,14817
2015-12-24,18447
2015-12-25,12333
2015-12-26,13914
2015-12-27,13177
2015-12-28,18889
2015-12-29,13347
2015-12-30,22477
2015-12-31,20376
2016-01-01,11009
2016-01-02,14587
2016-01-03,15499
2016-01-04,19593
2016-01-05,18053
2016-01-06,24569
2016-01-07,27773
2016-01-08,28709
2016-01-09,20846
2016-01-10,14275
2016-01-11,22937
2016-01-12,25211
2016-01-13,21133
2016-01-14,23780
2016-01-15,28435
2016-01-16,19178
2016-01-17,12024
2016-01-18,12718
2016-01-19,17281
2016-01-20,23420
2016-01-21,23672
2016-01-22,20950
2016-01-27,6761
2016-01-28,11946
2016-01-29,16028
2016-01-30,12973
2016-01-31,16118
2016-02-01,24334
2016-02-02,28528
2016-02-03,16203
2016-02-04,27766
2016-02-05,13670
2016-02-06,16933
2016-02-07,17605
2016-02-08,19026
2016-02-09,22741
2016-02-10,22420
2016-02-11,18748
2016-02-12,16449
2016-02-13,6625
2016-02-14,4653
2016-02-15,5884
2016-02-16,14542
2016-02-17,23572
2016-02-18,22261
2016-02-19,21959
2016-02-20,24484
2016-02-21,20052
2016-02-22,28233
2016-02-23,16133
2016-02-24,9761
2016-02-25,25102
2016-02-26,22573
2016-02-27,17226
2016-02-28,25437
2016-02-29,27954
2016-03-01,30509
2016-03-02,26195
2016-03-03,24061
2016-03-04,17369
2016-03-05,18023
2016-03-06,18832
2016-03-07,31492
2016-03-08,36521
2016-03-09,41490
2016-03-10,42252
2016-03-11,38195
2016-03-12,32771
2016-03-13,27550
2016-03-14,10930
2016-03-15,31596
2016-03-16,36067
2016-03-17,35390
2016-03-18,34647
2016-03-19,24048
2016-03-20,16678
2016-03-21,26414
2016-03-22,33497
2016-03-23,40983
2016-03-24,36495
2016-03-25,34097
2016-03-26,27478
2016-03-27,22483
2016-03-28,20345
2016-03-29,31481
2016-03-30,33684
2016-03-31,38348
2016-04-01,34449
2016-04-02,21839
2016-04-03,15322
2016-04-04,12302
2016-04-05,26238
2016-04-06,29365
2016-04-07,30402
2016-04-08,30817
2016-04-09,12702
2016-04-10,23229
2016-04-11,32048
2016-04-12,23765
2016-04-13,37539
2016-04-14,38505
2016-04-15,39676
2016-04-16,36148
2016-04-17,38843
2016-04-18,43994
2016-04-19,46075
2016-04-20,44547
2016-04-21,45570
2016-04-22,48815
2016-04-23,33647
2016-04-24,37866
2016-04-25,42308
2016-04-26,34643
2016-04-27,41931
2016-04-28,37428
2016-04-29,34878
2016-04-30,38258
2016-05-01,10697
2016-05-02,38537
2016-05-03,22858
2016-05-04,31619
2016-05-05,39903
2016-05-06,18860
2016-05-07,31078
2016-05-08,31197
2016-05-09,45724
2016-05-10,44849
2016-05-11,51181
2016-05-12,52273
2016-05-13,32391
2016-05-14,42063
2016-05-15,28661
2016-05-16,42787
2016-05-17,43396
2016-05-18,44803
2016-05-19,49182
2016-05-20,52543
2016-05-21,30519
2016-05-22,37802
2016-05-23,48578
2016-05-24,34796
2016-05-25,53439
2016-05-26,52133
2016-05-27,46937
2016-05-28,34222
2016-05-29,36877
2016-05-30,32619
2016-05-31,49756
2016-06-01,54665
2016-06-02,54401
2016-06-03,38975
2016-06-04,40977
2016-06-05,22397
2016-06-06,52149
2016-06-07,51812
2016-06-08,42250
2016-06-09,52905
2016-06-10,53299
2016-06-11,41030
2016-06-12,40637
2016-06-13,49069
2016-06-14,54813
2016-06-15,55049
2016-06-16,46198
2016-06-17,54236
2016-06-18,48901
2016-06-19,45270
2016-06-20,52247
2016-06-21,53564
2016-06-22,55749
2016-06-23,53206
2016-06-24,54186
2016-06-25,43000
2016-06-26,42992
2016-06-27,47023
2016-06-28,49593
2016-06-29,54882
2016-06-30,54843
2016-07-01,39669
2016-07-02,35837
2016-07-03,35348
2016-07-04,34860
2016-07-05,43744
2016-07-06,51353
2016-07-07,48742
2016-07-08,44419
2016-07-09,38142
2016-07-10,41991
2016-07-11,52870
2016-07-12,56537
2016-07-13,55486
2016-07-14,50350
2016-07-15,48572
2016-07-16,38406
2016-07-17,41347
2016-07-18,43687
2016-07-19,54593
2016-07-20,57225
2016-07-21,54842
2016-07-22,49191
2016-07-23,37523
2016-07-24,39637
2016-07-25,35379
2016-07-26,52912
2016-07-27,54163
2016-07-28,50151
2016-07-29,37703
2016-07-30,27780
2016-07-31,27651
2016-08-01,49401
2016-08-02,56764
2016-08-03,57003
2016-08-04,56604
2016-08-05,53297
2016-08-06,44213
2016-08-07,43631
2016-08-08,52262
2016-08-09,56112
2016-08-10,50114
2016-08-11,47430
2016-08-12,44750
2016-08-13,38912
2016-08-14,32961
2016-08-15,49063
2016-08-16,50426
2016-08-17,53989
2016-08-18,53218
2016-08-19,51669
2016-08-20,45817
2016-08-21,35051
2016-08-22,54404
2016-08-23,58674
2016-08-24,58154
2016-08-25,53487
2016-08-26,52037
2016-08-27,45674
2016-08-28,44639
2016-08-29,53288
2016-08-30,57405
2016-08-31,57214
2016-09-01,38187
2016-09-02,53007
2016-09-03,41630
2016-09-04,46023
2016-09-05,45436
2016-09-06,52447
2016-09-07,60500
2016-09-08,61596
2016-09-09,56813
2016-09-10,48455
2016-09-11,52245
2016-09-12,61103
2016-09-13,64839
2016-09-14,59203
2016-09-15,67331
2016-09-16,65275
2016-09-17,59200
2016-09-18,51686
2016-09-19,34217
2016-09-20,64891
2016-09-21,65463
2016-09-22,67810
2016-09-23,65517
2016-09-24,53259
2016-09-25,53568
2016-09-26,61386
2016-09-27,61346
2016-09-28,59464
2016-09-29,55578
2016-09-30,21381
2016-10-01,39811
2016-10-02,41023
2016-10-03,56384
2016-10-04,60379
2016-10-05,65053
2016-10-06,67585
2016-10-07,65896
2016-10-08,34625
2016-10-09,21689
2016-10-10,52255
2016-10-11,58768
2016-10-12,57690
2016-10-13,61217
2016-10-14,60566
2016-10-15,51992
2016-10-16,48870
2016-10-17,62657
2016-10-18,68240
2016-10-19,69772
2016-10-20,63674
2016-10-21,40873
2016-10-22,25303
2016-10-23,41463
2016-10-24,55261
2016-10-25,52681
2016-10-26,52484
2016-10-27,21058
2016-10-28,46242
2016-10-29,42514
2016-10-30,37765
2016-10-31,50082
2016-11-01,55967
2016-11-02,62144
2016-11-03,59641
2016-11-04,57877
2016-11-05,48689
2016-11-06,39413
2016-11-07,49890
2016-11-08,56603
2016-11-09,38060
2016-11-10,50871
2016-11-11,45832
2016-11-12,34667
2016-11-13,36810
2016-11-14,48834
2016-11-15,22896
2016-11-16,53342
2016-11-17,53895
2016-11-18,53390
2016-11-19,41213
2016-11-20,20617
2016-11-21,32972
2016-11-22,36749
2016-11-23,34466
2016-11-24,12122
2016-11-25,20980
2016-11-26,23811
2016-11-27,24077
2016-11-28,42091
2016-11-29,14588
2016-11-30,24435
2016-12-01,43242
2016-12-02,42371
2016-12-03,29854
2016-12-04,27455
2016-12-05,35932
2016-12-06,33332
2016-12-07,38021
2016-12-08,39626
2016-12-09,33547
2016-12-10,22379
2016-12-11,17799
2016-12-12,29037
2016-12-13,39025
2016-12-14,37808
2016-12-15,25015
2016-12-16,24490
2016-12-17,6993
2016-12-18,16295
2016-12-19,25649
2016-12-20,27685
2016-12-21,30625
2016-12-22,30889
2016-12-23,26344
2016-12-24,8014
2016-12-25,9924
2016-12-26,10775
2016-12-27,25955
2016-12-28,23601
2016-12-29,13207
2016-12-30,21375
2016-12-31,15928
2017-01-01,16009
2017-01-02,8921
2017-01-03,14198
2017-01-04,34039
2017-01-05,28393
2017-01-06,24177
2017-01-07,4425
2017-01-08,6417
2017-01-09,15856
2017-01-10,23232
2017-01-11,32419
2017-01-12,39783
2017-01-13,33611
2017-01-14,13819
2017-01-15,17384
2017-01-16,24110
2017-01-17,18646
2017-01-18,30857
2017-01-19,36561
2017-01-20,26752
2017-01-21,26610
2017-01-22,20523
2017-01-23,15822
2017-01-24,13171
2017-01-25,36931
2017-01-26,33002
2017-01-27,32394
2017-01-28,21302
2017-01-29,22527
2017-01-30,29616
2017-01-31,25169
2017-02-01,35221
2017-02-02,34517
2017-02-03,29632
2017-02-04,19204
2017-02-05,20059
2017-02-06,33415
2017-02-07,23053
2017-02-08,40428
2017-02-10,1997
2017-02-11,8959
2017-02-12,5801
2017-02-13,23857
2017-02-14,29668
2017-02-15,32052
2017-02-16,29120
2017-02-17,28735
2017-02-18,30571
2017-02-19,36963
2017-02-20,32292
2017-02-21,32643
2017-02-22,38119
2017-02-23,42434
2017-02-24,47031
2017-02-25,33343
2017-02-26,24714
2017-02-27,35984
2017-02-28,41835
2017-03-01,40592
2017-03-02,35739
2017-03-03,31105
2017-03-04,15646
2017-03-05,15919
2017-03-06,32467
2017-03-07,29683
2017-03-08,43469
2017-03-09,45252
2017-03-10,18412
2017-03-11,15185
2017-03-12,13442
2017-03-13,27417
2017-03-17,7098
2017-03-18,4106
2017-03-19,10550
2017-03-20,27378
2017-03-21,36824
2017-03-22,26927
2017-03-23,29885
2017-03-24,34018
2017-03-25,29646
2017-03-26,19893
2017-03-27,26301
2017-03-28,21589
2017-03-29,42430
2017-03-30,39746
2017-03-31,6946
2017-04-01,23849
2017-04-02,39780
2017-04-03,43485
2017-04-04,29991
2017-04-05,47636
2017-04-06,18020
2017-04-07,35779
2017-04-08,35936
2017-04-09,43896
2017-04-10,50424
2017-04-11,57310
2017-04-12,51188
2017-04-13,52915
2017-04-14,52232
2017-04-15,42531
2017-04-16,48140
2017-04-17,53247
2017-04-18,53809
2017-04-19,45787
2017-04-20,44264
2017-04-21,39868
2017-04-22,34596
2017-04-23,49107
2017-04-24,48692
2017-04-25,20332
2017-04-26,37727
2017-04-27,52035
2017-04-28,62199
2017-04-29,57701
2017-04-30,42928
2017-05-01,56218
2017-05-02,61207
2017-05-03,59252
2017-05-04,57429
2017-05-05,24009
2017-05-06,46618
2017-05-07,34293
2017-05-08,51553
2017-05-09,56461
2017-05-10,58454
2017-05-11,57208
2017-05-12,56675
2017-05-13,5704
2017-05-14,38729
2017-05-15,54715
2017-05-16,64504
2017-05-17,65794
2017-05-18,63753
2017-05-19,62143
2017-05-20,47859
2017-05-21,54874
2017-05-22,24627
2017-05-23,60032
2017-05-24,60622
2017-05-25,17495
2017-05-26,53768
2017-05-27,46534
2017-05-28,46727
2017-05-29,26322
2017-05-30,50194
2017-05-31,59495
2017-06-01,67403
2017-06-02,66907
2017-06-03,56264
2017-06-04,40138
2017-06-05,55883
2017-06-06,41268
2017-06-07,64453
2017-06-08,62653
2017-06-09,66506
2017-06-10,57087
2017-06-11,51427
2017-06-12,57871
2017-06-13,60921
2017-06-14,60513
2017-06-15,64763
2017-06-16,56403
2017-06-17,34900
2017-06-18,49472
2017-06-19,38310
2017-06-20,64673
2017-06-21,67218
2017-06-22,66308
2017-06-23,55323
2017-06-24,52153
2017-06-25,54655
2017-06-26,62669
2017-06-27,64767
2017-06-28,67752
2017-06-29,64272
2017-06-30,58662
2017-07-01,36737
2017-07-02,43036
2017-07-03,48193
2017-07-04,49924
2017-07-05,60321
2017-07-06,62147
2017-07-07,44068
2017-07-08,55015
2017-07-09,57118
2017-07-10,60907
2017-07-11,61671
2017-07-12,61786
2017-07-13,56475
2017-07-14,31851
2017-07-15,56499
2017-07-16,56833
2017-07-17,62555
2017-07-18,66234
2017-07-19,63915
2017-07-20,59663
2017-07-21,60072
2017-07-22,48011
2017-07-23,46942
2017-07-24,43792
2017-07-25,65336
2017-07-26,70323
2017-07-27,65769
2017-07-28,63899
2017-07-29,52947
2017-07-30,59342
2017-07-31,64218
2017-08-01,66677
2017-08-02,56184
2017-08-03,66149
2017-08-04,56394
2017-08-05,58971
2017-08-06,56476
2017-08-07,23395
2017-08-08,65233
2017-08-09,67884
2017-08-10,66249
2017-08-11,63140
2017-08-12,60540
2017-08-13,57518
2017-08-14,61482
2017-08-15,52461
2017-08-16,68436
2017-08-17,66656
2017-08-18,36620
2017-08-19,62442
2017-08-20,55442
2017-08-21,61059
2017-08-22,60541
2017-08-23,65070
2017-08-24,66307
2017-08-25,64217
2017-08-26,50109
2017-08-27,54598
2017-08-28,60886
2017-08-29,35152
2017-08-30,65329
2017-08-31,64881
2017-09-01,54881
2017-09-02,37812
2017-09-03,30955
2017-09-04,55285
2017-09-05,65445
2017-09-06,42295
2017-09-07,69519
2017-09-08,69574
2017-09-09,60155
2017-09-10,60711
2017-09-11,71917
2017-09-12,74580
2017-09-13,69566
2017-09-14,72071
2017-09-15,72297
2017-09-16,61036
2017-09-17,59967
2017-09-18,64130
2017-09-19,57910
2017-09-20,71150
2017-09-21,67742
2017-09-22,70127
2017-09-23,62687
2017-09-24,57458
2017-09-25,69200
2017-09-26,71518
2017-09-27,69897
2017-09-28,70883
2017-09-29,67177
2017-09-30,50153
2017-10-01,55505
2017-10-02,65511
2017-10-03,69105
2017-10-04,71454
2017-10-05,70174
2017-10-06,70257
2017-10-07,63635
2017-10-08,41044
2017-10-09,38391
2017-10-10,74118
2017-10-11,63589
2017-10-12,61248
2017-10-13,67020
2017-10-14,58777
2017-10-15,56529
2017-10-16,61730
2017-10-17,64480
2017-10-18,70234
2017-10-19,72311
2017-10-20,72173
2017-10-21,65874
2017-10-22,62150
2017-10-23,69274
2017-10-24,48077
2017-10-25,71287
2017-10-26,64003
2017-10-27,69268
2017-10-28,61348
2017-10-29,9537
2017-10-30,49247
2017-10-31,60242
2017-11-01,60773
2017-11-02,70810
2017-11-03,71818
2017-11-04,53435
2017-11-05,34943
2017-11-06,57606
2017-11-07,36362
2017-11-08,54211
2017-11-09,58417
2017-11-10,38432
2017-11-11,28142
2017-11-12,32471
2017-11-13,38753
2017-11-14,52279
2017-11-15,54230
2017-11-16,49737
2017-11-17,48991
2017-11-18,27745
2017-11-19,31598
2017-11-20,45121
2017-11-21,52451
2017-11-22,32298
2017-11-23,13705
2017-11-24,23724
2017-11-25,30518
2017-11-26,27181
2017-11-27,46733
2017-11-28,51170
2017-11-29,55295
2017-11-30,51700
2017-12-01,50708
2017-12-02,38923
2017-12-03,33728
2017-12-04,49630
2017-12-05,41792
2017-12-06,46335
2017-12-07,45367
2017-12-08,41330
2017-12-09,10804
2017-12-10,19815
2017-12-11,41838
2017-12-12,42620
2017-12-13,32623
2017-12-14,27495
2017-12-15,22944
2017-12-16,19060
2017-12-17,22403
2017-12-18,40168
2017-12-19,49503
2017-12-20,41463
2017-12-21,37592
2017-12-22,34341
2017-12-23,9608
2017-12-24,13216
2017-12-25,6479
2017-12-26,14113
2017-12-27,16365
2017-12-28,13420
2017-12-29,13759
2017-12-30,5956
2017-12-31,6569
2018-01-01,11000
2018-01-02,37636
2018-01-03,48598
2018-01-04,3844
2018-01-05,9944
2018-01-06,8590
2018-01-07,11280
2018-01-08,31642
2018-01-09,50182
2018-01-10,56504
2018-01-11,67922
2018-01-12,44508
2018-01-13,35520
2018-01-14,24798
2018-01-15,35274
2018-01-16,60556
2018-01-17,38020
2018-01-18,55324
2018-01-19,61050
2018-01-20,57014
2018-01-21,55816
2018-01-22,73730
2018-01-23,57594
2018-01-24,72156
2018-01-25,62294
2018-01-26,66146
2018-01-27,68702
2018-01-28,40202
2018-01-29,73598
2018-01-30,55992
2018-01-31,62552
2018-02-01,71122
2018-02-02,52626
2018-02-03,36770
2018-02-04,27918
2018-02-05,58136
2018-02-06,68204
2018-02-07,30578
2018-02-08,63128
2018-02-09,63134
2018-02-10,32648
2018-02-11,17618
2018-02-12,70278
2018-02-13,70378
2018-02-14,79182
2018-02-15,88386
2018-02-16,58382
2018-02-17,35842
2018-02-18,43076
2018-02-19,51354
2018-02-20,88960
2018-02-21,106230
2018-02-22,54020
2018-02-23,51268
2018-02-24,51100
2018-02-25,32300
2018-02-26,85140
2018-02-27,97032
2018-02-28,101418
2018-03-01,91128
2018-03-02,13710
2018-03-03,56728
2018-03-04,50524
2018-03-05,73548
2018-03-06,85378
2018-03-07,16376
2018-03-08,56880
2018-03-09,69824
2018-03-10,50888
2018-03-11,55194
2018-03-12,72680
2018-03-13,46274
2018-03-14,70754
2018-03-15,79148
2018-03-16,69842
2018-03-17,55344
2018-03-18,50316
2018-03-19,78556
2018-03-20,71064
2018-03-21,7510
2018-03-22,54616
2018-03-23,77056
2018-03-24,68796
2018-03-25,51124
2018-03-26,80590
2018-03-27,82708
2018-03-28,85040
2018-03-29,78586
2018-03-30,69574
2018-03-31,83588
2018-04-01,99447
2018-04-02,66189
2018-04-03,77643
2018-04-04,110259
2018-04-05,119442
2018-04-06,106872
2018-04-07,99735
2018-04-08,85230
2018-04-09,121527
2018-04-10,129153
2018-04-11,145836
2018-04-12,159504
2018-04-13,190530
2018-04-14,187791
2018-04-15,61320
2018-04-16,78867
2018-04-17,134067
2018-04-18,153330
2018-04-19,114894
2018-04-20,141156
2018-04-21,190797
2018-04-22,162852
2018-04-23,173301
2018-04-24,175581
2018-04-25,93642
2018-04-26,198231
2018-04-27,117462
2018-04-28,170235
2018-04-29,134511
2018-04-30,123225
2018-05-01,144070
2018-05-02,153546
2018-05-03,138112
2018-05-04,142398
2018-05-05,126658
2018-05-06,97986
2018-05-07,137834
2018-05-08,148626
2018-05-09,156916
2018-05-10,134910
2018-05-11,150532
2018-05-12,69070
2018-05-13,51972
2018-05-14,129458
2018-05-15,105652
2018-05-16,65532
2018-05-17,99578
2018-05-18,126226
2018-05-19,36052
2018-05-20,113898
2018-05-21,142440
2018-05-22,97016
2018-05-23,145310
2018-05-24,149620
2018-05-25,138690
2018-05-26,103194
2018-05-27,51628
2018-05-28,98086
2018-05-29,138180
2018-05-30,144642
2018-05-31,111588
2018-06-01,125754
2018-06-02,120586
2018-06-03,100090
2018-06-04,117826
2018-06-05,143824
2018-06-06,139604
2018-06-07,140966
2018-06-08,145422
2018-06-09,130500
2018-06-10,83284
2018-06-11,136156
2018-06-12,152558
2018-06-13,128584
2018-06-14,151614
2018-06-15,144844
2018-06-16,126374
2018-06-17,112456
2018-06-18,127114
2018-06-19,144340
2018-06-20,148180
2018-06-21,140104
2018-06-22,142172
2018-06-23,102062
2018-06-24,111550
2018-06-25,143504
2018-06-26,161302
2018-06-27,135396
2018-06-28,100866
2018-06-29,139728
2018-06-30,109446
2018-07-01,90532
2018-07-02,117270
2018-07-03,109768
2018-07-04,96744
2018-07-05,118952
2018-07-06,99014
2018-07-07,121836
2018-07-08,120978
2018-07-09,140134
2018-07-10,145018
2018-07-11,146036
2018-07-12,149720
2018-07-13,144242
2018-07-14,125130
2018-07-15,104590
2018-07-16,134146
2018-07-17,96994
2018-07-18,151416
2018-07-19,155986
2018-07-20,149084
2018-07-21,107310
2018-07-22,88570
2018-07-23,106154
2018-07-24,139510
2018-07-25,85980
2018-07-26,142092
2018-07-27,98442
2018-07-28,123094
2018-07-29,126960
2018-07-30,138994
2018-07-31,152554
2018-08-01,128924
2018-08-02,139410
2018-08-03,123916
2018-08-04,102400
2018-08-05,116762
2018-08-06,131354
2018-08-07,128692
2018-08-08,141146
2018-08-09,143884
2018-08-10,139198
2018-08-11,73214
2018-08-12,119670
2018-08-13,88502
2018-08-14,127372
2018-08-15,146154
2018-08-16,141579
2018-08-17,126576
2018-08-18,114511
2018-08-19,91697
2018-08-20,135023
2018-08-21,150296
2018-08-22,145107
2018-08-23,147541
2018-08-24,145630
2018-08-25,129258
2018-08-26,121772
2018-08-27,135132
2018-08-28,133145
2018-08-29,131686
2018-08-30,135687
2018-08-31,117728
2018-09-01,108618
2018-09-02,121574
2018-09-03,110076
2018-09-04,137226
2018-09-05,149887
2018-09-06,140452
2018-09-07,149131
2018-09-08,116544
2018-09-09,39884
2018-09-10,47881
2018-09-11,133054
2018-09-12,106416
2018-09-13,148025
2018-09-14,148610
2018-09-15,142348
2018-09-16,139049
2018-09-17,142644
2018-09-18,106127
2018-09-19,148708
2018-09-20,153565
2018-09-21,149850
2018-09-22,138229
2018-09-23,110955
2018-09-24,143223
2018-09-25,50837
2018-09-26,135964
2018-09-27,150693
2018-09-28,114406
2018-09-29,138631
2018-09-30,132445
2018-10-01,142743
2018-10-02,146210
2018-10-03,153481
2018-10-04,141304
2018-10-05,149012
2018-10-06,114612
2018-10-07,121042
2018-10-08,115766
2018-10-09,147422
2018-10-10,153503
2018-10-11,93058
2018-10-12,134009
2018-10-13,108644
2018-10-14,107639
2018-10-15,116796
2018-10-16,131498
2018-10-17,133800
2018-10-18,121648
2018-10-19,127976
2018-10-20,111526
2018-10-21,77520
2018-10-22,114221
2018-10-23,134417
2018-10-24,126607
2018-10-25,121511
2018-10-26,118262
2018-10-27,25996
2018-10-28,84189
2018-10-29,118408
2018-10-30,129303
2018-10-31,134967
2018-11-01,146344
2018-11-02,125847
2018-11-03,97217
2018-11-04,100456
2018-11-05,65767
2018-11-06,79344
2018-11-07,134059
2018-11-08,126950
2018-11-09,72881
2018-11-10,74925
2018-11-11,72444
2018-11-12,101135
2018-11-13,72778
2018-11-14,97845
2018-11-15,49476
2018-11-16,68339
2018-11-17,75542
2018-11-18,68379
2018-11-19,107898
2018-11-20,102349
2018-11-21,79858
2018-11-22,17436
2018-11-23,31860
2018-11-24,39718
2018-11-25,68380
2018-11-26,57636
2018-11-27,98401
2018-11-28,95318
2018-11-29,101279
2018-11-30,90769
2018-12-01,75117
2018-12-02,36398
2018-12-03,106296
2018-12-04,96565
2018-12-05,92063
2018-12-06,91731
2018-12-07,86535
2018-12-08,59105
2018-12-09,54445
2018-12-10,85450
2018-12-11,93220
2018-12-12,94072
2018-12-13,80401
2018-12-14,88379
2018-12-15,71957
2018-12-16,19492
2018-12-17,89381
2018-12-18,82302
2018-12-19,86926
2018-12-20,67160
2018-12-21,47392
2018-12-22,49256
2018-12-23,43990
2018-12-24,37472
2018-12-25,22168
2018-12-26,50289
2018-12-27,61758
2018-12-28,23842
2018-12-29,57576
2018-12-30,44657
2018-12-31,37526
2019-01-01,21962
2019-01-02,37797
2019-01-03,41676
2019-01-04,43922
2019-01-05,17432
2019-01-06,31451
2019-01-07,36486
2019-01-08,41161
2019-01-09,44338
2019-01-10,38969
2019-01-11,32805
2019-01-12,25128
2019-01-13,22752
2019-01-14,34970
2019-01-15,39067
2019-01-16,40349
2019-01-17,38955
2019-01-18,34227
2019-01-19,23749
2019-01-20,14249
2019-01-21,10286
2019-01-22,28562
2019-01-23,41483
2019-01-24,20081
2019-01-25,38813
2019-01-26,26296
2019-01-27,30021
2019-01-28,35583
2019-01-29,30928
2019-01-30,25141
2019-01-31,18631
2019-02-01,24982
2019-02-02,21999
2019-02-03,31932
2019-02-04,46374
2019-02-05,54161
2019-02-06,39213
2019-02-07,43177
2019-02-08,36454
2019-02-09,23765
2019-02-10,24132
2019-02-11,38636
2019-02-12,15854
2019-02-13,34941
2019-02-14,41650
2019-02-15,46863
2019-02-16,31034
2019-02-17,24037
2019-02-18,25827
2019-02-19,34676
2019-02-20,20426
2019-02-21,39499
2019-02-22,41794
2019-02-23,31608
2019-02-24,24272
2019-02-25,34216
2019-02-26,37516
2019-02-27,36475
2019-02-28,38223
2019-03-01,30228
2019-03-02,18000
2019-03-03,23239
2019-03-04,28421
2019-03-05,37097
2019-03-06,33279
2019-03-07,35907
2019-03-08,40406
2019-03-09,38928
2019-03-10,18897
2019-03-11,52413
2019-03-12,47207
2019-03-13,50120
2019-03-14,57466
2019-03-15,57506
2019-03-16,42138
2019-03-17,36824
2019-03-18,46532
2019-03-19,52981
2019-03-20,55379
2019-03-21,21238
2019-03-22,35463
2019-03-23,37375
2019-03-24,50312
2019-03-25,53451
2019-03-26,55414
2019-03-27,54473
2019-03-28,58527
2019-03-29,59306
2019-03-30,66662
2019-03-31,32762
2019-04-01,51391
2019-04-02,57892
2019-04-03,67911
2019-04-04,66396
2019-04-05,34459
2019-04-06,66529
2019-04-07,64709
2019-04-08,70501
2019-04-09,59327
2019-04-10,70977
2019-04-11,62414
2019-04-12,57999
2019-04-13,71492
2019-04-14,58471
2019-04-15,45654
2019-04-16,63316
2019-04-17,65238
2019-04-18,61558
2019-04-19,64933
2019-04-20,36784
2019-04-21,51866
2019-04-22,44109
2019-04-23,75435
2019-04-24,77724
2019-04-25,60821
2019-04-26,37115
2019-04-27,56434
2019-04-28,41201
2019-04-29,60789
2019-04-30,62661
2019-05-01,60897
2019-05-02,68702
2019-05-03,62406
2019-05-04,56023
2019-05-05,16169
2019-05-06,69915
2019-05-07,72825
2019-05-08,76389
2019-05-09,66681
2019-05-10,68039
2019-05-11,69788
2019-05-12,10729
2019-05-13,22296
2019-05-14,42780
2019-05-15,74308
2019-05-16,77878
2019-05-17,72114
2019-05-18,73143
2019-05-19,69920
2019-05-20,74490
2019-05-21,79255
2019-05-22,82009
2019-05-23,56575
2019-05-24,74858
2019-05-25,59492
2019-05-26,49950
2019-05-27,66596
2019-05-28,59432
2019-05-29,55090
2019-05-30,52481
2019-05-31,83348
2019-06-01,76419
2019-06-02,67298
2019-06-03,77694
2019-06-04,83299
2019-06-05,78806
2019-06-06,81358
2019-06-07,82950
2019-06-08,78097
2019-06-09,73973
2019-06-10,37025
2019-06-11,78052
2019-06-12,85042
2019-06-13,49195
2019-06-14,80615
2019-06-15,73900
2019-06-16,55523
2019-06-17,72530
2019-06-18,36402
2019-06-19,63674
2019-06-20,59928
2019-06-21,65686
2019-06-22,76613
2019-06-23,75547
2019-06-24,80029
2019-06-25,65886
2019-06-26,83301
2019-06-27,81577
2019-06-28,78682
2019-06-29,62714
2019-06-30,63571
2019-07-01,78238
2019-07-02,78160
2019-07-03,74224
2019-07-04,52712
2019-07-05,58723
2019-07-06,50899
2019-07-07,61485
2019-07-08,68030
2019-07-09,83710
2019-07-10,84222
2019-07-11,54495
2019-07-12,81075
2019-07-13,76861
2019-07-14,67911
2019-07-15,81054
2019-07-16,84572
2019-07-17,69171
2019-07-18,61067
2019-07-19,75054
2019-07-20,50578
2019-07-21,48200
2019-07-22,52377
2019-07-23,66278
2019-07-24,87644
2019-07-25,86443
2019-07-26,82877
2019-07-27,72245
2019-07-28,67669
2019-07-29,78757
2019-07-30,80736
2019-07-31,65573
2019-08-01,87705
2019-08-02,82258
2019-08-03,77283
2019-08-04,66870
2019-08-05,82392
2019-08-06,82513
2019-08-07,52194
2019-08-08,79609
2019-08-09,80280
2019-08-10,82798
2019-08-11,73365
2019-08-12,81372
2019-08-13,75002
2019-08-14,75579
2019-08-15,84873
2019-08-16,81536
2019-08-17,78120
2019-08-18,56344
2019-08-19,73962
2019-08-20,82299
2019-08-21,73027
2019-08-22,73740
2019-08-23,63768
2019-08-24,74222
2019-08-25,71900
2019-08-26,79024
2019-08-27,82739
2019-08-28,65078
2019-08-29,83267
2019-08-30,76815
2019-08-31,64239
2019-09-01,62669
2019-09-02,37794
2019-09-03,83717
2019-09-04,84833
2019-09-05,89658
2019-09-06,55228
2019-09-07,78224
2019-09-08,72518
2019-09-09,84810
2019-09-10,87586
2019-09-11,90448
2019-09-12,70159
2019-09-13,87637
2019-09-14,75460
2019-09-15,78968
2019-09-16,82107
2019-09-17,93117
2019-09-18,90310
2019-09-19,89657
2019-09-20,90538
2019-09-21,98760
2019-09-22,76519
2019-09-23,85492
2019-09-24,93044
2019-09-25,94017
2019-09-26,84599
2019-09-27,93270
2019-09-28,81606
2019-09-29,75756
2019-09-30,76555
2019-10-01,87034
2019-10-02,79821
2019-10-03,39070
2019-10-04,83363
2019-10-05,69132
2019-10-06,60532
2019-10-07,77324
2019-10-08,80569
2019-10-09,50408
2019-10-10,84858
2019-10-11,79369
2019-10-12,70753
2019-10-13,67617
2019-10-14,77631
2019-10-15,83346
2019-10-16,44056
2019-10-17,67322
2019-10-18,73590
2019-10-19,66881
2019-10-20,28551
2019-10-21,78444
2019-10-22,54807
2019-10-23,80483
2019-10-24,83432
2019-10-25,81158
2019-10-26,68075
2019-10-27,26760
2019-10-28,76744
2019-10-29,53188
2019-10-30,68641
2019-10-31,49660
2019-11-01,70644
2019-11-02,58580
2019-11-03,52253
2019-11-04,70118
2019-11-05,73769
2019-11-06,72714
2019-11-07,56784
2019-11-08,50295
2019-11-09,37995
2019-11-10,42121
2019-11-11,64884
2019-11-12,39188
2019-11-13,43946
2019-11-14,54642
2019-11-15,59524
2019-11-16,36896
2019-11-17,32100
2019-11-18,35621
2019-11-19,57420
2019-11-20,57626
2019-11-21,62698
2019-11-22,51064
2019-11-23,40090
2019-11-24,18146
2019-11-25,58711
2019-11-26,63639
2019-11-27,51356
2019-11-28,16173
2019-11-29,23220
2019-11-30,26518
2019-12-01,10761
2019-12-02,18018
2019-12-03,39231
2019-12-04,47387
2019-12-05,49029
2019-12-06,51610
2019-12-07,34513
2019-12-08,32308
2019-12-09,15222
2019-12-10,42439
2019-12-11,38181
2019-12-12,45364
2019-12-13,32961
2019-12-14,30266
2019-12-15,33887
2019-12-16,41719
2019-12-17,19303
2019-12-18,37899
2019-12-19,29451
2019-12-20,34210
2019-12-21,24251
2019-12-22,23726
2019-12-23,37368
2019-12-24,25894
2019-12-25,13084
2019-12-26,25227
2019-12-27,31813
2019-12-28,28524
2019-12-29,17979
2019-12-30,12140
2019-12-31,31632
2020-01-01,18171
2020-01-02,41623
2020-01-03,31928
2020-01-04,29496
2020-01-05,27647
2020-01-06,42829
2020-01-07,46633
2020-01-08,42496
2020-01-09,39437
2020-01-10,50944
2020-01-11,56695
2020-01-12,53304
2020-01-13,49554
2020-01-14,44230
2020-01-15,54362
2020-01-16,45317
2020-01-17,34191
2020-01-18,13324
2020-01-19,25987
2020-01-20,24314
2020-01-21,37481
2020-01-22,43496
2020-01-23,48360
2020-01-24,51447
2020-01-25,17805
2020-01-26,36230
2020-01-27,46602
2020-01-28,48913
2020-01-29,47480
2020-01-30,45688
2020-01-31,47378
2020-02-01,35615
2020-02-02,28658
2020-02-03,53621
2020-02-04,52624
2020-02-05,50654
2020-02-06,32199
2020-02-07,32727
2020-02-08,32852
2020-02-09,32703
2020-02-10,26859
2020-02-11,37893
2020-02-12,49440
2020-02-13,37481
2020-02-14,37005
2020-02-15,21661
2020-02-16,27359
2020-02-17,41048
2020-02-18,44192
2020-02-19,49419
2020-02-20,42813
2020-02-21,38766
2020-02-22,39518
2020-02-23,46639
2020-02-24,56490
2020-02-25,39632
2020-02-26,45295
2020-02-27,43538
2020-02-28,43441
2020-02-29,29316
2020-03-01,31955
2020-03-02,57102
2020-03-03,49857
2020-03-04,58791
2020-03-05,58828
2020-03-06,34232
2020-03-07,39561
2020-03-08,47115
2020-03-09,68944
2020-03-10,64467
2020-03-11,61962
2020-03-12,51451
2020-03-13,43462
2020-03-14,44340
2020-03-15,36226
2020-03-16,29538
2020-03-17,24395
2020-03-18,30563
2020-03-19,20896
2020-03-20,31423
2020-03-21,31859
2020-03-22,19938
2020-03-23,4012
2020-03-24,20950
2020-03-25,12102
2020-03-26,22054
2020-03-27,26588
2020-03-28,8893
2020-03-29,9701
2020-03-30,15085
2020-03-31,15067
2020-04-01,20421
2020-04-02,19055
2020-04-03,11351
2020-04-04,28940
2020-04-05,25815
2020-04-06,24716
2020-04-07,23693
2020-04-08,20793
2020-04-09,14225
2020-04-10,16318
2020-04-11,33257
2020-04-12,31651
2020-04-13,7825
2020-04-14,25377
2020-04-15,22248
2020-04-16,19615
2020-04-17,18947
2020-04-18,15942
2020-04-19,47177
2020-04-20,21930
2020-04-21,17079
2020-04-22,23829
2020-04-23,19177
2020-04-24,12635
2020-04-25,59122
2020-04-26,9607
2020-04-27,17822
2020-04-28,39717
2020-04-29,21692
2020-04-30,14567
2020-05-01,25002
2020-05-02,73115
2020-05-03,63931
2020-05-04,32410
2020-05-05,35151
2020-05-06,17346
2020-05-07,43800
2020-05-08,17376
2020-05-09,27836
2020-05-10,54714
2020-05-11,22783
2020-05-12,36133
2020-05-13,40715
2020-05-14,41743
2020-05-15,53130
2020-05-16,80590
2020-05-17,63683
2020-05-18,39224
2020-05-19,41020
2020-05-20,45677
2020-05-21,48663
2020-05-22,47561
2020-05-23,23077
2020-05-24,73089
2020-05-25,68095
2020-05-26,53168
2020-05-27,55201
2020-05-28,46274
2020-05-29,53494
2020-05-30,87345
2020-05-31,80928
2020-06-01,53062
2020-06-02,46597
2020-06-03,28867
2020-06-04,39751
2020-06-05,33126
2020-06-06,56433
2020-06-07,80623
2020-06-08,60987
2020-06-09,61931
2020-06-10,63433
2020-06-11,44061
2020-06-12,72800
2020-06-13,90004
2020-06-14,80064
2020-06-15,57756
2020-06-16,65520
2020-06-17,64192
2020-06-18,62337
2020-06-19,79499
2020-06-20,81068
2020-06-21,72411
2020-06-22,59985
2020-06-23,67594
2020-06-24,66980
2020-06-25,69726
2020-06-26,73878
2020-06-27,59402
2020-06-28,69367
2020-06-29,61772
2020-06-30,65277
2020-07-01,63570
2020-07-02,73641
2020-07-03,59505
2020-07-04,71209
2020-07-05,64786
2020-07-06,46138
2020-07-07,67976
2020-07-08,63518
2020-07-09,76605
2020-07-10,22830
2020-07-11,66782
2020-07-12,84584
2020-07-13,69278
2020-07-14,77263
2020-07-15,78542
2020-07-16,79470
2020-07-17,70027
2020-07-18,80715
2020-07-19,67017
2020-07-20,58444
2020-07-21,70808
2020-07-22,52173
2020-07-23,65837
2020-07-24,67015
2020-07-25,87943
2020-07-26,73037
2020-07-27,62642
2020-07-28,70557
2020-07-29,77232
2020-07-30,72278
2020-07-31,70979
2020-08-01,89245
2020-08-02,70286
2020-08-03,67349
2020-08-04,44676
2020-08-05,82006
2020-08-06,79269
2020-08-07,60113
2020-08-08,90466
2020-08-09,83075
2020-08-10,69295
2020-08-11,75544
2020-08-12,66316
2020-08-13,62577
2020-08-14,83951
2020-08-15,92972
2020-08-16,38796
2020-08-17,70530
2020-08-18,82012
2020-08-19,71587
2020-08-20,81414
2020-08-21,85000
2020-08-22,87303
2020-08-23,82153
2020-08-24,71351
2020-08-25,72273
2020-08-26,88290
2020-08-27,69525
2020-08-28,78345
2020-08-29,71469
2020-08-30,92664
2020-08-31,75850
2020-09-01,76846
2020-09-02,70235
2020-09-03,71517
2020-09-04,85643
2020-09-05,89900
2020-09-06,83230
2020-09-07,84085
2020-09-08,79440
2020-09-09,84701
2020-09-10,53130
2020-09-11,94924
2020-09-12,101756
2020-09-13,84877
2020-09-14,79541
2020-09-15,84314
2020-09-16,87212
2020-09-17,87806
2020-09-18,89260
2020-09-19,90230
2020-09-20,77922
2020-09-21,72245
2020-09-22,83059
2020-09-23,90785
2020-09-24,87169
2020-09-25,94057
2020-09-26,99586
2020-09-27,87675
2020-09-28,78276
2020-09-29,59955
2020-09-30,86000
2020-10-01,89974
2020-10-02,81168
2020-10-03,95846
2020-10-04,80891
2020-10-05,75945
2020-10-06,85977
2020-10-07,81482
2020-10-08,84189
2020-10-09,87865
2020-10-10,94221
2020-10-11,75667
2020-10-12,16442
2020-10-13,52008
2020-10-14,88642
2020-10-15,91569
2020-10-16,30809
2020-10-17,88633
2020-10-18,77110
2020-10-19,73493
2020-10-20,76371
2020-10-21,84340
2020-10-22,84041
2020-10-23,87151
2020-10-24,90942
2020-10-25,62028
2020-10-26,51244
2020-10-27,78193
2020-10-28,63002
2020-10-29,19147
2020-10-30,39668
2020-10-31,67085
2020-11-01,33562
2020-11-02,50727
2020-11-03,62267
2020-11-04,65366
2020-11-05,74955
2020-11-06,82331
2020-11-07,98728
2020-11-08,86395
2020-11-09,75911
2020-11-10,84501
2020-11-11,46341
2020-11-12,40778
2020-11-13,48823
2020-11-14,75418
2020-11-15,51156
2020-11-16,57688
2020-11-17,54555
2020-11-18,44153
2020-11-19,51509
2020-11-20,68644
2020-11-21,75415
2020-11-22,46097
2020-11-23,42741
2020-11-24,53305
2020-11-25,57014
2020-11-26,30767
2020-11-27,53221
2020-11-28,53359
2020-11-29,52717
2020-11-30,23329
2020-12-01,53239
2020-12-02,47439
2020-12-03,53257
2020-12-04,40705
2020-12-05,31917
2020-12-06,40883
2020-12-07,41677
2020-12-08,41157
2020-12-09,37149
2020-12-10,51961
2020-12-11,60051
2020-12-12,53582
2020-12-13,61278
2020-12-14,25833
2020-12-15,44890
2020-12-16,26386
2020-12-17,180
2020-12-18,15058
2020-12-19,16790
2020-12-20,16380
2020-12-21,31501
2020-12-22,37375
2020-12-23,40550
2020-12-24,32708
2020-12-25,11896
2020-12-26,19982
2020-12-27,23877
2020-12-28,38927
2020-12-29,33330
2020-12-30,35830
2020-12-31,26441
2021-01-01,18852
2021-01-02,41328
2021-01-03,14609
2021-01-04,36862
2021-01-05,38636
2021-01-06,38011
2021-01-07,38043
2021-01-08,37265
2021-01-09,34715
2021-01-10,35456
2021-01-11,36162
2021-01-12,42408
2021-01-13,42569
2021-01-14,47960
2021-01-15,40560
2021-01-16,41277
2021-01-17,38990
2021-01-18,42834
2021-01-19,40648
2021-01-20,36310
2021-01-21,40969
2021-01-22,44117
2021-01-23,32207
2021-01-24,27450
2021-01-25,36116
2021-01-26,27460
2021-01-27,39041
2021-01-28,34199
2021-01-29,23664
2021-01-30,27450
2021-01-31,21782
2021-02-01,241
2021-02-03,6392
2021-02-04,18473
2021-02-05,23962
2021-02-06,30668
2021-02-07,8146
2021-02-08,18068
2021-02-09,22016
2021-02-10,27886
2021-02-11,22461
2021-02-12,25409
2021-02-13,22631
2021-02-14,22977
2021-02-15,22989
2021-02-16,30322
2021-02-17,30176
2021-02-18,7493
2021-02-19,11815
2021-02-20,24519
2021-02-21,25861
2021-02-22,19127
2021-02-23,32747
2021-02-24,45127
2021-02-25,42619
2021-02-26,43605
2021-02-27,30168
2021-02-28,20860
2021-03-01,33796
2021-03-02,31361
2021-03-03,49059
2021-03-04,39403
2021-03-05,35606
2021-03-06,32745
2021-03-07,34620
2021-03-08,37699
2021-03-09,59011
2021-03-10,53717
2021-03-11,67000
2021-03-12,68087
2021-03-13,52491
2021-03-14,42701
2021-03-15,33654
2021-03-16,37207
2021-03-17,46474
2021-03-18,22081
2021-03-19,42782
2021-03-20,63751
2021-03-21,67574
2021-03-22,55152
2021-03-23,60481
2021-03-24,32136
2021-03-25,63448
2021-03-26,70151
2021-03-27,83056
2021-03-28,24719
2021-03-29,51440
2021-03-30,64189
2021-03-31,44443
2021-04-01,44584
2021-04-02,41832
2021-04-03,59957
2021-04-04,62065
2021-04-05,66685
2021-04-06,74738
2021-04-07,76353
2021-04-08,79948
2021-04-09,66920
2021-04-10,85961
2021-04-11,19740
2021-04-12,32881
2021-04-13,77030
2021-04-14,78479
2021-04-15,32409
2021-04-16,58174
2021-04-17,76009
2021-04-18,79148
2021-04-19,71563
2021-04-20,94110
2021-04-21,60475
2021-04-22,55871
2021-04-23,81094
2021-04-24,102035
2021-04-25,57213
2021-04-26,70157
2021-04-27,78064
2021-04-28,94506
2021-04-29,69135
2021-04-30,79007
2021-05-01,90938
2021-05-02,92097
2021-05-03,59583
2021-05-04,85173
2021-05-05,48722
2021-05-06,91435
2021-05-07,89437
2021-05-08,58543
2021-05-09,52231
2021-05-10,69712
2021-05-11,87329
2021-05-12,92968
2021-05-13,98791
2021-05-14,105387
2021-05-15,116722
2021-05-16,95318
2021-05-17,93390
2021-05-18,103910
2021-05-19,107798
2021-05-20,106148
2021-05-21,110716
2021-05-22,114376
2021-05-23,105311
2021-05-24,87496
2021-05-25,104861
2021-05-26,95977
2021-05-27,110342
2021-05-28,61521
2021-05-29,29320
2021-05-30,17301
2021-05-31,87198
2021-06-01,97484
2021-06-02,104452
2021-06-03,68553
2021-06-04,84809
2021-06-05,118830
2021-06-06,103958
2021-06-07,96152
2021-06-08,73311
2021-06-09,109914
2021-06-10,118855
2021-06-11,105953
2021-06-12,114680
2021-06-13,100470
2021-06-14,82651
2021-06-15,116777
2021-06-16,119837
2021-06-17,119097
2021-06-18,120888
2021-06-19,105395
2021-06-20,105539
2021-06-21,99946
2021-06-22,74148
2021-06-23,120894
2021-06-24,118446
2021-06-25,114431
2021-06-26,116784
2021-06-27,108008
2021-06-28,96794
2021-06-29,101366
2021-06-30,94870
2021-07-01,66588
2021-07-02,76527
2021-07-03,66833
2021-07-04,99390
2021-07-05,95815
2021-07-06,75832
2021-07-07,100923
2021-07-08,73525
2021-07-09,84567
2021-07-10,107192
2021-07-11,101400
2021-07-12,86166
2021-07-13,103353
2021-07-14,108264
2021-07-15,110179
2021-07-16,106098
2021-07-17,80605
2021-07-18,97820
2021-07-19,100575
2021-07-20,109422
2021-07-21,106522
2021-07-22,116020
2021-07-23,110249
2021-07-24,122729
2021-07-25,96144
2021-07-26,96799
2021-07-27,104088
2021-07-28,110440
2021-07-29,74707
2021-07-30,113532
2021-07-31,119518
2021-08-01,92758
2021-08-02,101256
2021-08-03,106941
2021-08-04,107251
2021-08-05,107385
2021-08-06,107416
2021-08-07,113136
2021-08-08,73974
2021-08-09,94642
2021-08-10,90873
2021-08-11,96177
2021-08-12,97894
2021-08-13,97015
2021-08-14,109557
2021-08-15,106329
2021-08-16,100237
2021-08-17,105364
2021-08-18,104572
2021-08-19,102919
2021-08-20,99845
2021-08-21,94626
2021-08-22,15466
2021-08-23,74957
2021-08-24,107065
2021-08-25,104700
2021-08-26,101705
2021-08-27,86850
2021-08-28,102216
2021-08-29,100391
2021-08-30,99077
2021-08-31,109915
2021-09-01,49754
2021-09-02,123928
2021-09-03,112840
2021-09-04,107150
2021-09-05,85730
2021-09-06,104270
2021-09-07,104968
2021-09-08,111066
2021-09-09,76186
2021-09-10,124205
2021-09-11,131085
2021-09-12,114992
2021-09-13,104091
2021-09-14,116423
2021-09-15,116304
2021-09-16,107530
2021-09-17,110024
2021-09-18,122392
2021-09-19,114278
2021-09-20,107102
2021-09-21,111253
2021-09-22,111466
2021-09-23,85062
2021-09-24,113819
2021-09-25,122999
2021-09-26,111316
2021-09-27,104803
2021-09-28,94856
2021-09-29,109269
2021-09-30,110639
2021-10-01,113647
2021-10-02,117995
2021-10-03,106361
2021-10-04,72160
2021-10-05,102021
2021-10-06,108682
2021-10-07,113285
2021-10-08,113671
2021-10-09,105945
2021-10-10,67916
2021-10-11,95100
2021-10-12,106156
2021-10-13,107827
2021-10-14,114136
2021-10-15,116244
2021-10-16,97206
2021-10-17,89113
2021-10-18,85562
2021-10-19,98233
2021-10-20,110000
2021-10-21,111570
2021-10-22,109529
2021-10-23,89600
2021-10-24,83308
2021-10-25,90741
2021-10-26,47068
2021-10-27,96024
2021-10-28,98933
2021-10-29,81154
2021-10-30,77671
2021-10-31,84007
2021-11-01,87934
2021-11-02,81137
2021-11-03,85575
2021-11-04,84070
2021-11-05,84543
2021-11-06,82923
2021-11-07,77676
2021-11-08,83255
2021-11-09,94717
2021-11-10,96388
2021-11-11,90991
2021-11-12,68551
2021-11-13,69764
2021-11-14,61695
2021-11-15,66867
2021-11-16,75628
2021-11-17,83878
2021-11-18,92866
2021-11-19,72517
2021-11-20,68017
2021-11-21,63826
2021-11-22,62340
2021-11-23,59776
2021-11-24,56131
2021-11-25,34144
2021-11-26,31132
2021-11-27,36373
2021-11-28,40463
2021-11-29,57236
2021-11-30,62712
2021-12-01,72421
2021-12-02,77646
2021-12-03,71018
2021-12-04,66683
2021-12-05,61065
2021-12-06,66300
2021-12-07,65615
2021-12-08,64432
2021-12-09,64920
2021-12-10,73816
2021-12-11,62674
2021-12-12,60544
2021-12-13,66731
2021-12-14,73871
2021-12-15,71420
2021-12-16,78650
2021-12-17,76258
2021-12-18,38508
2021-12-19,39282
2021-12-20,44327
2021-12-21,49698
2021-12-22,40864
2021-12-23,40306
2021-12-24,30555
2021-12-25,15892
2021-12-26,30882
2021-12-27,30741
2021-12-28,39772
2021-12-29,38650
2021-12-30,45779
2021-12-31,47530
2022-01-01,20428
2022-01-02,43009
2022-01-03,33189
2022-01-04,36842
2022-01-05,34230
2022-01-06,44787
2022-01-07,17401
2022-01-08,24455
2022-01-09,21479
2022-01-10,34727
2022-01-11,26824
2022-01-12,40568
2022-01-13,50572
2022-01-14,45714
2022-01-15,22839
2022-01-16,20930
2022-01-17,29084
2022-01-18,42935
2022-01-19,54011
2022-01-20,33928
2022-01-21,33598
2022-01-22,31969
2022-01-23,32967
2022-01-24,41488
2022-01-25,50692
2022-01-26,42005
2022-01-27,43830
2022-01-28,34871
2022-01-29,2848
2022-01-30,9486
2022-01-31,22348
2022-02-01,29338
2022-02-02,41947
2022-02-03,26568
2022-02-04,20308
2022-02-05,29638
2022-02-06,28887
2022-02-07,30717
2022-02-08,51893
2022-02-09,56006
2022-02-10,61937
2022-02-11,64614
2022-02-12,68575
2022-02-13,20384
2022-02-14,34198
2022-02-15,40550
2022-02-16,53682
2022-02-17,67432
2022-02-18,47038
2022-02-19,32450
2022-02-20,31051
2022-02-21,52366
2022-02-22,36459
2022-02-23,66325
2022-02-24,44726
2022-02-25,30412
2022-02-26,41415
2022-02-27,42805
2022-02-28,45636
2022-03-01,56019
2022-03-02,67108
2022-03-03,55408
2022-03-04,49704
2022-03-05,51358
2022-03-06,54531
2022-03-07,67882
2022-03-08,62178
2022-03-09,28088
2022-03-10,66064
2022-03-11,69316
2022-03-12,19628
2022-03-13,30833
2022-03-14,63206
2022-03-15,78946
2022-03-16,81449
2022-03-17,50004
2022-03-18,92837
2022-03-19,77861
2022-03-20,65417
2022-03-21,73209
2022-03-22,75235
2022-03-23,60864
2022-03-24,45792
2022-03-25,74873
2022-03-26,62151
2022-03-27,45625
2022-03-28,38135
2022-03-29,48426
2022-03-30,61254
2022-03-31,72625
2022-04-01,68480
2022-04-02,73254
2022-04-03,37164
2022-04-04,68902
2022-04-05,72629
2022-04-06,48443
2022-04-07,35322
2022-04-08,88194
2022-04-09,67329
2022-04-10,57144
2022-04-11,75355
2022-04-12,93575
2022-04-13,98765
2022-04-14,90635
2022-04-15,99636
2022-04-16,82188
2022-04-17,54112
2022-04-18,55811
2022-04-19,58873
2022-04-20,85294
2022-04-21,77520
2022-04-22,97494
2022-04-23,94585
2022-04-24,83406
2022-04-25,72682
2022-04-26,74947
2022-04-27,82446
2022-04-28,78530
2022-04-29,87089
2022-04-30,101537
2022-05-01,94657
2022-05-02,54536
2022-05-03,92564
2022-05-04,79594
2022-05-05,110352
2022-05-06,35168
2022-05-07,20557
2022-05-08,62745
2022-05-09,93994
2022-05-10,104598
2022-05-11,107076
2022-05-12,110859
2022-05-13,95856
2022-05-14,79811
2022-05-15,108476
2022-05-16,79294
2022-05-17,117412
2022-05-18,117592
2022-05-19,90206
2022-05-20,85186
2022-05-21,115213
2022-05-22,103604
2022-05-23,101562
2022-05-24,104947
2022-05-25,114180
2022-05-26,111102
2022-05-27,89182
2022-05-28,82604
2022-05-29,101235
2022-05-30,100726
2022-05-31,100353
2022-06-01,88065
2022-06-02,98706
2022-06-03,120868
2022-06-04,127506
2022-06-05,115901
2022-06-06,110253
2022-06-07,103635
2022-06-08,123899
2022-06-09,115006
2022-06-10,122504
2022-06-11,115597
2022-06-12,90286
2022-06-13,111521
2022-06-14,123638
2022-06-15,127913
2022-06-16,102027
2022-06-17,119654
2022-06-18,108578
2022-06-19,105636
2022-06-20,114190
2022-06-21,99397
2022-06-22,94426
2022-06-23,117319
2022-06-24,124255
2022-06-25,118495
2022-06-26,106089
2022-06-27,79616
2022-06-28,121345
2022-06-29,121537
2022-06-30,116209
2022-07-01,103432
2022-07-02,88941
2022-07-03,89364
2022-07-04,94691
2022-07-05,88945
2022-07-06,112872
2022-07-07,114751
2022-07-08,98311
2022-07-09,123239
2022-07-10,115594
2022-07-11,111361
2022-07-12,111766
2022-07-13,120852
2022-07-14,120449
2022-07-15,119353
2022-07-16,111651
2022-07-17,111004
2022-07-18,83438
2022-07-19,119751
2022-07-20,117759
2022-07-21,109101
2022-07-22,111784
2022-07-23,107726
2022-07-24,99639
2022-07-25,96350
2022-07-26,122454
2022-07-27,125078
2022-07-28,117504
2022-07-29,114612
2022-07-30,123256
2022-07-31,112671
2022-08-01,98165
2022-08-02,120943
2022-08-03,124944
2022-08-04,118080
2022-08-05,114400
2022-08-06,123061
2022-08-07,95005
2022-08-08,104186
2022-08-09,109147
2022-08-10,123691
2022-08-11,114220
2022-08-12,122800
2022-08-13,132249
2022-08-14,111859
2022-08-15,111846
2022-08-16,122535
2022-08-17,120500
2022-08-18,121945
2022-08-19,120748
2022-08-20,128688
2022-08-21,110429
2022-08-22,85907
2022-08-23,118447
2022-08-24,122882
2022-08-25,120155
2022-08-26,108771
2022-08-27,117833
2022-08-28,107815
2022-08-29,108138
2022-08-30,113458
2022-08-31,123276
2022-09-01,121536
2022-09-02,116498
2022-09-03,107733
2022-09-04,99471
2022-09-05,93931
2022-09-06,40733
2022-09-07,112910
2022-09-08,134605
2022-09-09,133703
2022-09-10,134649
2022-09-11,67770
2022-09-12,115153
2022-09-13,122433
2022-09-14,135070
2022-09-15,132380
2022-09-16,131680
2022-09-17,130502
2022-09-18,116748
2022-09-19,102896
2022-09-20,129998
2022-09-21,133609
2022-09-22,102214
2022-09-23,113269
2022-09-24,113144
2022-09-25,86809
2022-09-26,105457
2022-09-27,116585
2022-09-28,123676
2022-09-29,121411
2022-09-30,115282
2022-10-01,59776
2022-10-02,51635
2022-10-03,49566
2022-10-04,51994
2022-10-05,69309
2022-10-06,123899
2022-10-07,123616
2022-10-08,100745
2022-10-09,93815
2022-10-10,96125
2022-10-11,112059
2022-10-12,118693
2022-10-13,73732
2022-10-14,114920
2022-10-15,118062
2022-10-16,101163
2022-10-17,88782
2022-10-18,101003
2022-10-19,99846
2022-10-20,104411
2022-10-21,108663
2022-10-22,111348
2022-10-23,66604
2022-10-24,66311
2022-10-25,98170
2022-10-26,112683
2022-10-27,115652
2022-10-28,106223
2022-10-29,105008
2022-10-30,95656
2022-10-31,96459
2022-11-01,103774
2022-11-02,117443
2022-11-03,116775
2022-11-04,118788
2022-11-05,122101
2022-11-06,103298
2022-11-07,107224
2022-11-08,96595
2022-11-09,95500
2022-11-10,109043
2022-11-11,54871
2022-11-12,113803
2022-11-13,69263
2022-11-14,73996
2022-11-15,64511
2022-11-16,76958
2022-11-17,78387
2022-11-18,73520
2022-11-19,59493
2022-11-20,45017
2022-11-21,59694
2022-11-22,74004
2022-11-23,73868
2022-11-24,37888
2022-11-25,43127
2022-11-26,59617
2022-11-27,34622
2022-11-28,73066
2022-11-29,75406
2022-11-30,54665
2022-12-01,73171
2022-12-02,74950
2022-12-03,45429
2022-12-04,62606
2022-12-05,73889
2022-12-06,52639
2022-12-07,74043
2022-12-08,89346
2022-12-09,76823
2022-12-10,63441
2022-12-11,32717
2022-12-12,59958
2022-12-13,65506
2022-12-14,67388
2022-12-15,44106
2022-12-16,28413
2022-12-17,59366
2022-12-18,48242
2022-12-19,54325
2022-12-20,58639
2022-12-21,59176
2022-12-22,39130
2022-12-23,26041
2022-12-24,11541
2022-12-25,9164
2022-12-26,19221
2022-12-27,33043
2022-12-28,44029
2022-12-29,51673
2022-12-30,62307
2022-12-31,31722
2023-01-01,50640
2023-01-02,58239
2023-01-03,51785
2023-01-04,74450
2023-01-05,71438
2023-01-06,64751
2023-01-07,59157
2023-01-08,49454
2023-01-09,61587
2023-01-10,66671
2023-01-11,67098
2023-01-12,51489
2023-01-13,65267
2023-01-14,43524
2023-01-15,41086
2023-01-16,49762
2023-01-17,64870
2023-01-18,75816
2023-01-19,32357
2023-01-20,67529
2023-01-21,58189
2023-01-22,39436
2023-01-23,38417
2023-01-24,67642
2023-01-25,41867
2023-01-26,64436
2023-01-27,65606
2023-01-28,66816
2023-01-29,58040
2023-01-30,70434
2023-01-31,57394
2023-02-01,60427
2023-02-02,63155
2023-02-03,38060
2023-02-04,24810
2023-02-05,49840
2023-02-06,64833
2023-02-07,66104
2023-02-08,78631
2023-02-09,76057
2023-02-10,83966
2023-02-11,63796
2023-02-12,55661
2023-02-13,72019
2023-02-14,78217
2023-02-15,89035
2023-02-16,74621
2023-02-17,49586
2023-02-18,52123
2023-02-19,51309
2023-02-20,70879
2023-02-21,56222
2023-02-22,54427
2023-02-23,65592
2023-02-24,59600
2023-02-25,43323
2023-02-26,54676
2023-02-27,58386
2023-02-28,40677
2023-03-01,70245
2023-03-02,73761
2023-03-03,65343
2023-03-04,56827
2023-03-05,64781
2023-03-06,72654
2023-03-07,66672
2023-03-08,71672
2023-03-09,77315
2023-03-10,59457
2023-03-11,49158
2023-03-12,56565
2023-03-13,32819
2023-03-14,39386
2023-03-15,65661
2023-03-16,83546
2023-03-17,83160
2023-03-18,74869
2023-03-19,48537
2023-03-20,68943
2023-03-21,87904
2023-03-22,87103
2023-03-23,75316
2023-03-24,77814
2023-03-25,33010
2023-03-26,88005
2023-03-27,60775
2023-03-28,79720
2023-03-29,88645
2023-03-30,76565
2023-03-31,82896
2023-04-01,71008
2023-04-02,71344
2023-04-03,84486
2023-04-04,105082
2023-04-05,71904
2023-04-06,96504
2023-04-07,81401
2023-04-08,76969
2023-04-09,69975
2023-04-10,90057
2023-04-11,104067
2023-04-12,116109
2023-04-13,119075
2023-04-14,119789
2023-04-15,101345
2023-04-16,103602
2023-04-17,91482
2023-04-18,95749
2023-04-19,105977
2023-04-20,112928
2023-04-21,114890
2023-04-22,113572
2023-04-23,87648
2023-04-24,99307
2023-04-25,105664
2023-04-26,108424
2023-04-27,102799
2023-04-28,85438
2023-04-29,17757
2023-04-30,24850
2023-05-01,101362
2023-05-02,89613
2023-05-03,101439
2023-05-04,91859
2023-05-05,111813
2023-05-06,123323
2023-05-07,113010
2023-05-08,114667
2023-05-09,115177
2023-05-10,122959
2023-05-11,128197
2023-05-12,128976
2023-05-13,121610
2023-05-14,106878
2023-05-15,114735
2023-05-16,121368
2023-05-17,115680
2023-05-18,114670
2023-05-19,119806
2023-05-20,44956
2023-05-21,114225
2023-05-22,113821
2023-05-23,121926
2023-05-24,116270
2023-05-25,122138
2023-05-26,121249
2023-05-27,105962
2023-05-28,99159
2023-05-29,102543
2023-05-30,111903
2023-05-31,121712
2023-06-01,126583
2023-06-02,111659
2023-06-03,106034
2023-06-04,103338
2023-06-05,115042
2023-06-06,112184
2023-06-07,92142
2023-06-08,96580
2023-06-09,112891
2023-06-10,122263
2023-06-11,108435
2023-06-12,97085
2023-06-13,131539
2023-06-14,117125
2023-06-15,134602
2023-06-16,105987
2023-06-17,116639
2023-06-18,110729
2023-06-19,120373
2023-06-20,128436
2023-06-21,132087
2023-06-22,116743
2023-06-23,107703
2023-06-24,111029
2023-06-25,116494
2023-06-26,102211
2023-06-27,118991
2023-06-28,131074
2023-06-29,130417
2023-06-30,113475
2023-07-01,107953
2023-07-02,82863
2023-07-03,96926
2023-07-04,83846
2023-07-05,115587
2023-07-06,122777
2023-07-07,123024
2023-07-08,116578
2023-07-09,88361
2023-07-10,123399
2023-07-11,133590
2023-07-12,133471
2023-07-13,131692
2023-07-14,106508
2023-07-15,110201
2023-07-16,65307
2023-07-17,124858
2023-07-18,122633
2023-07-19,132099
2023-07-20,139718
2023-07-21,125459
2023-07-22,133472
2023-07-23,122582
2023-07-24,125777
2023-07-25,111852
2023-07-26,143125
2023-07-27,128502
2023-07-28,125791
2023-07-29,120473
2023-07-30,128773
2023-07-31,130631
2023-08-01,142653
2023-08-02,144956
2023-08-03,140329
2023-08-04,128842
2023-08-05,138460
2023-08-06,124113
2023-08-07,99535
2023-08-08,133753
2023-08-09,141637
2023-08-10,90433
2023-08-11,136734
2023-08-12,133289
2023-08-13,117827
2023-08-14,123792
2023-08-15,129550
2023-08-16,136567
2023-08-17,132491
2023-08-18,128343
2023-08-19,144757
2023-08-20,119683
2023-08-21,122279
2023-08-22,136907
2023-08-23,137610
2023-08-24,101783
2023-08-25,99257
2023-08-26,125733
2023-08-27,125899
2023-08-28,122141
2023-08-29,135118
2023-08-30,130645
2023-08-31,137918
2023-09-01,127904
2023-09-02,119100
2023-09-03,111851
2023-09-04,111142
2023-09-05,133098
2023-09-06,141190
2023-09-07,144649
2023-09-08,120613
2023-09-09,125970
2023-09-10,85766
2023-09-11,111307
2023-09-12,155867
2023-09-13,143957
2023-09-14,156540
2023-09-15,145735
2023-09-16,143892
2023-09-17,124846
2023-09-18,59908
2023-09-19,152194
2023-09-20,156027
2023-09-21,153110
2023-09-22,148923
2023-09-23,36022
2023-09-24,34835
2023-09-25,43276
2023-09-26,83946
2023-09-27,138030
2023-09-28,107446
2023-09-29,49113
2023-09-30,102906
2023-10-01,131642
2023-10-02,135594
2023-10-03,146838
2023-10-04,150105
2023-10-05,148468
2023-10-06,121954
2023-10-07,69210
2023-10-08,105265
2023-10-09,108061
2023-10-10,128553
2023-10-11,142366
2023-10-12,142768
2023-10-13,137046
2023-10-14,42482
2023-10-15,106496
2023-10-16,120745
2023-10-17,133277
2023-10-18,136731
2023-10-19,139797
2023-10-20,62309
2023-10-21,95313
2023-10-22,100071
2023-10-23,115920
2023-10-24,133214
2023-10-25,142116
2023-10-26,149836
2023-10-27,147642
2023-10-28,157534
2023-10-29,50016
2023-10-30,99470
2023-10-31,118103
2023-11-01,100820
2023-11-02,108966
2023-11-03,115062
2023-11-04,112329
2023-11-05,112299
2023-11-06,106564
2023-11-07,117862
2023-11-08,110638
2023-11-09,118172
2023-11-10,108660
2023-11-11,103385
2023-11-12,78802
2023-11-13,94924
2023-11-14,105756
2023-11-15,111222
2023-11-16,123159
2023-11-17,128472
2023-11-18,97639
2023-11-19,87534
2023-11-20,88716
2023-11-21,60448
2023-11-22,82292
2023-11-23,44425
2023-11-24,53313
2023-11-25,52917
2023-11-26,45219
2023-11-27,86420
2023-11-28,80364
2023-11-29,80247
2023-11-30,97198
2023-12-01,65957
2023-12-02,101786
2023-12-03,34956
2023-12-04,95131
2023-12-05,95052
2023-12-06,90011
2023-12-07,85745
2023-12-08,98301
2023-12-09,101934
2023-12-10,43359
2023-12-11,68392
2023-12-12,90528
2023-12-13,94112
2023-12-14,90222
2023-12-15,102713
2023-12-16,94851
2023-12-17,55114
2023-12-18,57611
2023-12-19,81170
2023-12-20,80522
2023-12-21,74936
2023-12-22,63509
2023-12-23,49457
2023-12-24,39339
2023-12-25,29916
2023-12-26,50773
2023-12-27,42243
2023-12-28,46772
2023-12-29,68990
2023-12-30,56050
2023-12-31,53791
2024-01-01,47238
2024-01-02,68075
2024-01-03,76498
2024-01-04,77434
2024-01-05,72411
2024-01-06,43271
2024-01-07,35656
2024-01-08,78448
2024-01-09,43015
2024-01-10,81638
2024-01-11,89151
2024-01-12,86078
2024-01-13,63842
2024-01-14,48877
2024-01-15,45547
2024-01-16,27349
2024-01-17,42753
2024-01-18,55491
2024-01-19,44010
2024-01-20,37182
2024-01-21,36294
2024-01-22,61026
2024-01-23,70623
2024-01-24,65891
2024-01-25,74880
2024-01-26,72317
2024-01-27,80162
2024-01-28,29722
2024-01-29,70750
2024-01-30,78247
2024-01-31,82831
2024-02-01,87639
2024-02-02,68626
2024-02-03,72357
2024-02-04,66317
2024-02-05,77047
2024-02-06,82034
2024-02-07,89628
2024-02-08,94909
2024-02-09,97138
2024-02-10,94563
2024-02-11,76966
2024-02-12,83726
2024-02-13,32001
2024-02-14,70852
2024-02-15,75443
2024-02-16,75436
2024-02-17,38078
2024-02-18,46396
2024-02-19,58439
2024-02-20,68444
2024-02-21,74344
2024-02-22,71118
2024-02-23,76127
2024-02-24,72097
2024-02-25,57114
2024-02-26,83080
2024-02-27,78329
2024-02-28,67506
2024-02-29,83859
2024-03-01,85618
2024-03-02,28053
2024-03-03,111927
2024-03-04,95299
2024-03-05,50101
2024-03-06,53232
2024-03-07,92899
2024-03-08,103442
2024-03-09,42050
2024-03-10,61622
2024-03-11,79985
2024-03-12,117626
2024-03-13,118881
2024-03-14,132369
2024-03-15,121754
2024-03-16,112158
2024-03-17,99975
2024-03-18,90220
2024-03-19,90098
2024-03-20,89436
2024-03-21,82411
2024-03-22,84023
2024-03-23,23396
2024-03-24,70848
2024-03-25,90845
2024-03-26,101960
2024-03-27,93129
2024-03-28,54473
2024-03-29,97033
2024-03-30,94959
2024-03-31,90745
2024-04-01,87062
2024-04-02,40290
2024-04-03,26526
2024-04-04,96815
2024-04-05,99833
2024-04-06,94839
2024-04-07,94828
2024-04-08,111098
2024-04-09,136340
2024-04-10,123115
2024-04-11,87464
2024-04-12,105009
2024-04-13,89485
2024-04-14,115543
2024-04-15,138858
2024-04-16,143206
2024-04-17,111417
2024-04-18,89108
2024-04-19,116501
2024-04-20,145225
2024-04-21,91975
2024-04-22,109798
2024-04-23,114666
2024-04-24,121247
2024-04-25,115397
2024-04-26,120082
2024-04-27,105448
2024-04-28,130902
2024-04-29,129107
2024-04-30,122923
2024-05-01,146298
2024-05-02,157708
2024-05-03,142472
2024-05-04,126502
2024-05-05,55315
2024-05-06,132214
2024-05-07,163333
2024-05-08,153871
2024-05-09,151351
2024-05-10,90220
2024-05-11,135702
2024-05-12,75386
2024-05-13,135797
2024-05-14,141814
2024-05-15,92880
2024-05-16,128162
2024-05-17,154678
2024-05-18,121948
2024-05-19,143660
2024-05-20,149051
2024-05-21,165047
2024-05-22,172050
2024-05-23,148880
2024-05-24,162641
2024-05-25,136559
2024-05-26,128586
2024-05-27,69330
2024-05-28,158439
2024-05-29,155365
2024-05-30,159800
2024-05-31,174859
2024-06-01,172912
2024-06-02,150204
2024-06-03,153853
2024-06-04,167177
2024-06-05,170890
2024-06-06,145190
2024-06-07,172166
2024-06-08,172757
2024-06-09,144844
2024-06-10,156868
2024-06-11,163492
2024-06-12,171994
2024-06-13,172665
2024-06-14,150638
2024-06-15,172640
2024-06-16,151399
2024-06-17,144755
2024-06-18,171571
2024-06-19,171241
2024-06-20,167100
2024-06-21,164303
2024-06-22,143638
2024-06-23,138755
2024-06-24,154427
2024-06-25,170654
2024-06-26,164170
2024-06-27,170908
2024-06-28,171816
2024-06-29,150036
2024-06-30,107935
2024-07-01,151932
2024-07-02,162081
2024-07-03,155814
2024-07-04,117885
2024-07-05,111091
2024-07-06,119949
2024-07-07,123388
2024-07-08,147080
2024-07-09,161211
2024-07-10,166870
2024-07-11,167232
2024-07-12,145351
2024-07-13,138986
2024-07-14,144005
2024-07-15,146685
2024-07-16,158914
2024-07-17,151295
2024-07-18,168358
2024-07-19,169502
2024-07-20,160228
2024-07-21,148632
2024-07-22,146746
2024-07-23,147022
2024-07-24,164894
2024-07-25,169804
2024-07-26,170890
2024-07-27,167489
2024-07-28,151315
2024-07-29,149951
2024-07-30,169005
2024-07-31,166363
2024-08-01,164044
2024-08-02,141522
2024-08-03,136151
2024-08-04,113307
2024-08-05,154490
2024-08-06,114997
2024-08-07,109165
2024-08-08,95794
2024-08-09,122458
2024-08-10,179381
2024-08-11,151919
2024-08-12,150836
2024-08-13,164945
2024-08-14,171558
2024-08-15,169959
2024-08-16,164281
2024-08-17,157559
2024-08-18,114974
2024-08-19,141634
2024-08-20,164146
2024-08-21,167068
2024-08-22,166069
2024-08-23,165336
2024-08-24,164476
2024-08-25,144778
2024-08-26,141087
2024-08-27,164748
2024-08-28,161181
2024-08-29,159091
2024-08-30,146141
2024-08-31,137566
2024-09-01,128397
2024-09-02,144320
2024-09-03,165312
2024-09-04,179572
2024-09-05,172926
2024-09-06,176680
2024-09-07,143431
2024-09-08,160032
2024-09-09,167710
2024-09-10,185182
2024-09-11,189022
2024-09-12,189118
2024-09-13,189526
2024-09-14,185031
2024-09-15,164473
2024-09-16,169426
2024-09-17,182784
2024-09-18,185671
2024-09-19,192324
2024-09-20,194109
2024-09-21,189713
2024-09-22,165037
2024-09-23,151896
2024-09-24,177990
2024-09-25,172707
2024-09-26,160243
2024-09-27,180804
2024-09-28,89950
2024-09-29,71246
2024-09-30,167843
2024-10-01,177304
2024-10-02,176767
2024-10-03,168726
2024-10-04,172524
2024-10-05,182723
2024-10-06,157639
2024-10-07,163266
2024-10-08,176004
2024-10-09,178848
2024-10-10,168421
2024-10-11,169298
2024-10-12,168505
2024-10-13,155278
2024-10-14,132768
2024-10-15,150150
2024-10-16,153825
2024-10-17,153940
2024-10-18,164937
2024-10-19,168994
2024-10-20,154704
2024-10-21,163927
2024-10-22,180067
2024-10-23,182717
2024-10-24,175850
2024-10-25,170308
2024-10-26,165829
2024-10-27,132232
2024-10-28,147153
2024-10-29,160868
2024-10-30,181798
2024-10-31,190500
2024-11-01,180411
2024-11-02,155139
2024-11-03,129110
2024-11-04,140505
2024-11-05,164149
2024-11-06,173859
2024-11-07,171833
2024-11-08,164433
2024-11-09,134594
2024-11-10,112557
2024-11-11,137062
2024-11-12,133265
2024-11-13,131603
2024-11-14,123418
2024-11-15,140586
2024-11-16,140175
2024-11-17,125756
2024-11-18,141208
2024-11-19,146738
2024-11-20,152432
2024-11-21,57295
2024-11-22,64680
2024-11-23,99609
2024-11-24,96058
2024-11-25,123315
2024-11-26,106046
2024-11-27,113493
2024-11-28,27091
2024-11-29,59766
2024-11-30,60457
2024-12-01,58042
2024-12-02,91507
2024-12-03,103477
2024-12-04,105373
2024-12-05,95712
2024-12-06,93231
2024-12-07,86365
2024-12-08,95001
2024-12-09,87983
2024-12-10,98357
2024-12-11,66822
2024-12-12,93547
2024-12-13,93996
2024-12-14,80572
2024-12-15,74159
2024-12-16,57809
2024-12-17,124603
2024-12-18,105439
2024-12-19,106319
2024-12-20,77627
2024-12-21,38734
2024-12-22,31572
2024-12-23,44442
2024-12-24,32815
2024-12-25,21562
2024-12-26,42682
2024-12-27,54074
2024-12-28,26709
2024-12-29,61422
2024-12-30,82919
2024-12-31,76909
2025-01-01,51409
2025-01-02,71753
2025-01-03,75344
2025-01-04,55370
2025-01-05,52159
2025-01-06,58499
2025-01-07,65186
2025-01-08,66554
2025-01-09,67350
2025-01-10,81352
2025-01-11,64726
2025-01-12,69396
2025-01-13,86640
2025-01-14,82362
2025-01-15,80246
2025-01-16,80374
2025-01-17,86925
2025-01-18,61818
2025-01-19,43713
2025-01-20,32982
2025-01-21,49915
2025-01-22,55533
2025-01-23,65356
2025-01-24,71724
2025-01-25,61251
2025-01-26,66539
2025-01-27,80058
2025-01-28,90085
2025-01-29,92272
2025-01-30,87602
2025-01-31,69350
2025-02-01,72188
2025-02-02,51255
2025-02-03,85954
2025-02-04,94645
2025-02-05,88647
2025-02-06,57753
2025-02-07,88576
2025-02-08,64196
2025-02-09,36080
2025-02-10,69783
2025-02-11,74995
2025-02-12,65839
2025-02-13,75448
2025-02-14,77110
2025-02-15,41657
2025-02-16,29800
2025-02-17,53104
2025-02-18,58517
2025-02-19,65507
2025-02-20,58357
2025-02-21,61416
2025-02-22,64072
2025-02-23,70160
2025-02-24,90444
2025-02-25,107282
2025-02-26,115504
2025-02-27,101735
2025-02-28,110567
2025-03-01,97638
2025-03-02,55018
2025-03-03,79307
2025-03-04,105071
2025-03-05,71833
2025-03-06,101601
2025-03-07,97710
2025-03-08,83090
2025-03-09,80623
2025-03-10,118363
2025-03-11,133432
2025-03-12,121362
2025-03-13,117788
2025-03-14,121160
2025-03-15,92735
2025-03-16,90201
2025-03-17,85998
2025-03-18,122904
2025-03-19,131532
2025-03-20,98083
2025-03-21,103815
2025-03-22,111058
2025-03-23,82690
2025-03-24,57635
2025-03-25,123674
2025-03-26,111554
2025-03-27,115806
2025-03-28,121484
2025-03-29,143550
2025-03-30,87163
2025-03-31,102818
2025-04-01,120898
2025-04-02,112849
2025-04-03,128908
2025-04-04,143909
2025-04-05,77204
2025-04-06,91645
2025-04-07,71521
2025-04-08,105692
2025-04-09,112978
2025-04-10,108595
2025-04-11,71804
2025-04-12,43566
2025-04-13,96385
2025-04-14,118400
2025-04-15,132603
2025-04-16,112156
2025-04-17,137359
2025-04-18,134742
2025-04-19,155757
2025-04-20,117664
2025-04-21,116298
2025-04-22,158681
2025-04-23,164428
2025-04-24,171454
2025-04-25,168961
2025-04-26,129606
2025-04-27,121701
2025-04-28,152958
2025-04-29,169718
2025-04-30,174174
